"pid","tid","ts","dur","name"
21404,21419,1425538691326202,6169687,"client-reference"
21404,21419,1425539279655264,5990417,"client-warmup"
21404,21419,1425539330228650,19022395,"client-warmup"
21404,21419,1425539380360264,4989948,"client-warmup"
21404,21419,1425539430571983,16822187,"client-warmup"
21404,21419,1425539480968702,12858593,"client-warmup"
21404,21419,1425539530975889,15957292,"client-warmup"
21404,21419,1425539581332920,17882292,"client-warmup"
21404,21419,1425539631625212,14631302,"client-warmup"
21404,21419,1425539682038545,15841094,"client-warmup"
21404,21419,1425539732231462,10901615,"client-warmup"
21404,21419,1425539782600264,12700469,"client-warmup"
21404,21419,1425539832948181,12645364,"client-warmup"
21404,21419,1425539882888233,15018750,"client-warmup"
21404,21419,1425539933059326,6614688,"client-warmup"
21404,21419,1425539983148076,4731250,"client-warmup"
21404,21419,1425540033433858,19711823,"client-warmup"
21404,21419,1425540083371201,5088282,"client-warmup"
21404,21419,1425540133565524,11992552,"client-warmup"
21404,21419,1425540183830889,18247292,"client-warmup"
21404,21419,1425540234041462,16191771,"client-warmup"
21404,21419,1425540284210576,13226407,"client-warmup"
21404,21419,1425540334524014,15770781,"client-warmup"
21404,21419,1425540385042712,14444427,"client-warmup"
21404,21419,1425540435216045,21187969,"client-warmup"
21404,21419,1425540485310889,8373437,"client-warmup"
21404,21419,1425540535794795,18897812,"client-warmup"
21404,21419,1425540585857451,9069479,"client-warmup"
21404,21419,1425540636403389,20062812,"client-warmup"
21404,21419,1425540686553076,16996042,"client-warmup"
21404,21419,1425540736991514,20106406,"client-warmup"
21404,21419,1425540787199326,14718438,"client-warmup"
21404,21419,1425540837723493,19721146,"client-warmup"
21404,21419,1425540887752139,6848125,"client-warmup"
21404,21419,1425540938223389,19382604,"client-warmup"
21404,21419,1425540988346201,14901563,"client-warmup"
21404,21419,1425541038711514,18898072,"client-warmup"
21404,21419,1425541088999743,14159739,"client-warmup"
21404,21419,1425541139286826,18440729,"client-warmup"
21404,21419,1425541189460732,13664375,"client-warmup"
21404,21419,1425541239722920,18637031,"client-warmup"
21404,21419,1425541289730368,6740312,"client-warmup"
21404,21419,1425541340172920,20084375,"client-warmup"
21404,21419,1425541390335576,15092917,"client-warmup"
21404,21419,1425541441011618,19454427,"client-warmup"
21404,21419,1425541491139951,15141406,"client-warmup"
21404,21419,1425541541201305,9755313,"client-warmup"
21404,21419,1425541591424326,13188594,"client-warmup"
21404,21419,1425541641506617,12898490,"client-warmup"
21404,21419,1425541692059170,15964218,"client-warmup"
21404,21419,1425541742130836,18200365,"client-warmup"
21404,21419,1425541792374795,11299531,"client-warmup"
21404,21419,1425541842850680,18893489,"client-warmup"
21404,21419,1425541893186774,13495208,"client-warmup"
21404,21419,1425541943391617,18375209,"client-warmup"
21404,21419,1425541993693857,11764531,"client-warmup"
21404,21419,1425542044179482,20439375,"client-warmup"
21404,21419,1425542094127555,6140156,"client-warmup"
21404,21419,1425542144559951,19272135,"client-warmup"
21404,21419,1425542194580680,7910364,"client-warmup"
21404,21419,1425542245213076,19590937,"client-warmup"
21404,21419,1425542295406461,11870052,"client-warmup"
21404,21419,1425542345759794,20007969,"client-warmup"
21404,21419,1425542395903648,9935521,"client-warmup"
21404,21419,1425542446017451,18730729,"client-warmup"
21404,21419,1425542496149794,5706042,"client-warmup"
21404,21419,1425542546575055,18191302,"client-warmup"
21404,21419,1425542596650523,7738021,"client-warmup"
21404,21419,1425542647054430,10357656,"client-warmup"
21404,21419,1425542698374013,11117917,"client-warmup"
21404,21419,1425542748677867,17495365,"client-warmup"
21404,21419,1425542798762763,6744375,"client-warmup"
21404,21419,1425542849285888,18544531,"client-warmup"
21404,21419,1425542899230888,8083125,"client-warmup"
21404,21419,1425542949453492,10507552,"client-warmup"
21404,21419,1425542999438492,5781458,"client-warmup"
21404,21419,1425543049912711,18057239,"client-warmup"
21404,21419,1425543099856044,5940417,"client-warmup"
21404,21419,1425543150238388,18822968,"client-warmup"
21404,21419,1425543200296356,4832136,"client-warmup"
21404,21419,1425543250702763,18009062,"client-warmup"
21404,21419,1425543306973075,5405781,"client-head"
21404,21419,1425543357449638,17898125,"client-header"
21404,21419,1425543407641200,7241823,"client-seek"
21404,21419,1425543458092763,18376823,"client-head"
21404,21419,1425543508212450,8555625,"client-header"
21404,21419,1425543558643544,18127500,"client-seek"
21404,21419,1425543608756200,8341667,"client-head"
21404,21419,1425543659306825,19162969,"client-header"
21404,21419,1425543709481356,8672917,"client-seek"
21404,21419,1425543759838388,18361406,"client-head"
21404,21419,1425543809928544,8452968,"client-header"
21404,21419,1425543860344012,18458125,"client-seek"
21404,21419,1425543931509273,8210989,"client-head"
21404,21419,1425543981818960,17512032,"client-header"
21404,21419,1425544032292867,16266302,"client-seek"
21404,21419,1425544082676669,16716041,"client-head"
21404,21419,1425544133066304,10794271,"client-header"
21404,21419,1425544183168075,11223073,"client-seek"
21404,21419,1425544233404950,17389062,"client-head"
21404,21419,1425544283732398,19052708,"client-header"
21404,21419,1425544333747919,18623072,"client-seek"
21404,21419,1425544384174794,16526666,"client-head"
21404,21419,1425544434527450,19417448,"client-header"
21404,21419,1425544484485106,7371250,"client-seek"
21404,21419,1425544535085575,19859687,"client-head"
21404,21419,1425544585199012,9399531,"client-header"
21404,21419,1425544635346356,10724792,"client-seek"
21404,21419,1425544685436200,7760781,"client-head"
21404,21419,1425544735871929,14985989,"client-header"
21404,21419,1425544786050991,16892813,"client-seek"
21404,21419,1425544840753387,7010781,"client-head"
21404,21419,1425544890981981,6873594,"client-header"
21404,21419,1425544941581200,16790937,"client-seek"
21404,21419,1425544991580887,10350729,"client-head"
21404,21419,1425545041875262,17598438,"client-header"
21404,21419,1425545092199585,13633281,"client-seek"
21404,21419,1425545142363231,19546875,"client-head"
21404,21419,1425545192509637,11863854,"client-header"
21404,21419,1425545243073179,18805520,"client-seek"
21404,21419,1425545293249637,5690781,"client-head"
21404,21419,1425545343735679,16796250,"client-header"
21404,21419,1425545393887449,14540782,"client-seek"
21404,21419,1425545444031824,8648594,"client-head"
21404,21419,1425545494490210,13057500,"client-header"
21404,21419,1425545544479585,14300052,"client-seek"
21404,21419,1425545606220887,6894531,"client-head"
21404,21419,1425545656508543,18184375,"client-header"
21404,21419,1425545706531460,8153177,"client-seek"
21404,21419,1425545757937553,6048802,"client-head"
21404,21419,1425545808130574,8462969,"client-header"
21404,21419,1425545858292710,15583489,"client-seek"
21404,21419,1425545908340210,9046614,"client-head"
21404,21419,1425545958763647,19489896,"client-header"
21404,21419,1425546008778699,7960573,"client-seek"
21404,21419,1425546059177762,19509531,"client-head"
21404,21419,1425546109239585,8842187,"client-header"
21404,21419,1425546159749428,16147084,"client-seek"
21404,21419,1425546209759637,7024322,"client-head"
21404,21419,1425546259981147,7155937,"client-header"
21404,21419,1425546310035678,8123959,"client-seek"
21404,21419,1425546360158699,7133385,"client-head"
21404,21419,1425546410380209,7881146,"client-header"
21404,21419,1425546460764324,19493437,"client-seek"
21404,21419,1425546525589168,6417656,"client-head"
21404,21419,1425546576217605,15509948,"client-header"
21404,21419,1425546626259011,10362761,"client-seek"
21404,21419,1425546676513334,11416459,"client-head"
21404,21419,1425546726810105,9324844,"client-header"
21404,21419,1425546777238230,17818750,"client-seek"
21404,21419,1425546827304480,14319323,"client-head"
21404,21419,1425546877534324,8394219,"client-header"
21404,21419,1425546927916824,15400000,"client-seek"
21404,21419,1425546978213178,12255052,"client-head"
21404,21419,1425547028377293,15623125,"client-header"
21404,21419,1425547078684480,14571198,"client-seek"
21404,21419,1425547128742136,8562969,"client-head"
21404,21419,1425547179165522,18084270,"client-header"
21404,21419,1425547229331147,16515781,"client-seek"
21404,21419,1425547285206772,5546302,"client-head"
21404,21419,1425547335740261,17745104,"client-header"
21404,21419,1425547385948178,13928333,"client-seek"
21404,21419,1425547441850105,6819687,"client-head"
21404,21419,1425547492109428,14026771,"client-header"
21404,21419,1425547542489792,19408282,"client-seek"
21404,21419,1425547592581667,7591979,"client-head"
21404,21419,1425547643156667,19225417,"client-header"
21404,21419,1425547693332709,12195989,"client-seek"
21404,21419,1425547743611042,19312500,"client-head"
21404,21419,1425547793752865,16832552,"client-header"
21404,21419,1425547844091511,15500781,"client-seek"
21404,21419,1425547894052917,8157969,"client-head"
21404,21419,1425547944557709,19492083,"client-header"
21404,21419,1425547994774792,10995573,"client-seek"
21404,21419,1425548044801459,15465521,"client-head"
21404,21419,1425548095125886,14288229,"client-header"
21404,21419,1425548145492292,18562031,"client-seek"
21404,21419,1425548213066511,6375573,"client-head"
21404,21419,1425548263511927,17651459,"client-header"
21404,21419,1425548313473646,8420052,"client-seek"
21404,21419,1425548382704479,7119532,"client-head"
21404,21419,1425548433270729,16777292,"client-header"
21404,21419,1425548483537292,16674375,"client-seek"
21404,21419,1425548533586667,7848594,"client-head"
21404,21419,1425548583846979,11436250,"client-header"
21404,21419,1425548634117604,13613438,"client-seek"
21404,21419,1425548684190052,13374584,"client-head"
21404,21419,1425548734474948,17891354,"client-header"
21404,21419,1425548784699011,13976197,"client-seek"
21404,21419,1425548835035104,18461563,"client-head"
21404,21419,1425548885122136,7320937,"client-header"
21404,21419,1425548935402917,19072656,"client-seek"
21404,21419,1425548995553229,6393907,"client-head"
21404,21419,1425549046000885,15391563,"client-header"
21404,21419,1425549096115052,10949583,"client-seek"
21404,21419,1425549146076198,6889375,"client-head"
21404,21419,1425549196301302,9605833,"client-header"
21404,21419,1425549246844010,18944844,"client-seek"
21404,21419,1425549296906458,6045990,"client-head"
21404,21419,1425549347378958,17613802,"client-header"
21404,21419,1425549397495990,13007708,"client-seek"
21404,21419,1425549447828021,16576302,"client-head"
21404,21419,1425549497997135,11252136,"client-header"
21404,21419,1425549548474010,19332188,"client-seek"
21404,21419,1425549598435573,6141041,"client-head"
21404,21419,1425549649122864,18440782,"client-header"
21404,21419,1425549699002291,11106198,"client-seek"
21404,21419,1425549749217239,10111094,"client-head"
21404,21419,1425549799455416,12464688,"client-header"
21404,21419,1425549849852604,19255885,"client-seek"
21404,21419,1425549909435416,6978282,"client-head"
21404,21419,1425549959729896,16834739,"client-header"
21404,21419,1425550009798073,7070260,"client-seek"
21404,21419,1425550060003698,10844062,"client-head"
21404,21419,1425550110217291,12256198,"client-header"
21404,21419,1425550160412708,15347240,"client-seek"
21404,21419,1425550210412916,6809011,"client-head"
21404,21419,1425550260923645,19414271,"client-header"
21404,21419,1425550310839948,8422187,"client-seek"
21404,21419,1425550361441510,19606667,"client-head"
21404,21419,1425550411889739,7362656,"client-header"
21404,21419,1425550462418072,12759792,"client-seek"
21404,21419,1425550512457291,6280469,"client-head"
21404,21419,1425550562943072,19784323,"client-header"
21404,21419,1425550613055416,9775938,"client-seek"
21404,21419,1425550663349791,18409375,"client-head"
21404,21419,1425550713339583,8015208,"client-header"
21404,21419,1425550763924166,17976510,"client-head"
21404,21419,1425550814014739,6505000,"client-header"
21404,21419,1425550864469322,15971198,"client-head"
21404,21419,1425550914511822,8539375,"client-header"
21404,21419,1425550965018385,18622343,"client-head"
21404,21419,1425551015015260,8493906,"client-header"
21404,21419,1425551065519478,17361667,"client-head"
21404,21419,1425551115538801,9911563,"client-header"
21404,21419,1425551166119739,16290781,"client-head"
21404,21419,1425551216111353,8290000,"client-header"
21404,21419,1425551266545885,16803906,"client-head"
21404,21419,1425551316868228,9935105,"client-header"
21404,21419,1425551367364947,16505729,"client-head"
21404,21419,1425551417533801,11535990,"client-header"
21404,21419,1425551467967916,19676562,"client-head"
21404,21419,1425551518037760,7223906,"client-header"
21404,21419,1425551568667551,16319271,"client-head"
21404,21419,1425551618763020,8015990,"client-header"
21404,21419,1425551669220884,12569688,"client-head"
21404,21419,1425551719440676,12067865,"client-header"
21404,21419,1425551769790103,16098906,"client-head"
21404,21419,1425551819862707,15650521,"client-header"
21404,21419,1425551870080832,13722865,"client-head"
21404,21419,1425551920184791,8485104,"client-header"
21404,21419,1425551970394322,8401562,"client-head"
21404,21419,1425552020461978,7424844,"client-header"
21404,21419,1425552070707603,8953281,"client-head"
21404,21419,1425552120773853,8722188,"client-header"
21404,21419,1425552170944634,8619844,"client-head"
21404,21419,1425552221188384,6477813,"client-header"
21404,21419,1425552271237603,8118438,"client-head"
21404,21419,1425552321536301,11181406,"client-header"
21404,21419,1425552371931040,18878386,"client-seek"
21404,21419,1425552421895572,7890000,"client-head"
21404,21419,1425552472321978,17902917,"client-header"
21404,21419,1425552522404895,9079583,"client-seek"
21404,21419,1425552572638228,14028750,"client-head"
21404,21419,1425552622844478,11801667,"client-header"
21404,21419,1425552673060415,17108750,"client-seek"
21404,21419,1425552723194165,6498282,"client-head"
21404,21419,1425552773463540,15719063,"client-header"
21404,21419,1425552823592603,8321250,"client-seek"
21404,21419,1425552873617290,6678073,"client-head"
21404,21419,1425552923884582,16263281,"client-header"
21404,21419,1425552974519269,11886927,"client-seek"
21404,21419,1425553025376665,17690000,"client-head"
21404,21419,1425553075619113,18621771,"client-header"
21404,21419,1425553125880884,8630156,"client-seek"
21404,21419,1425553176178384,17407760,"client-head"
21404,21419,1425553226361301,11636302,"client-header"
21404,21419,1425553276725728,19354062,"client-seek"
21404,21419,1425553326846821,15716563,"client-head"
21404,21419,1425553377067603,16057343,"client-header"
21404,21419,1425553427269009,8717291,"client-seek"
21404,21419,1425553477531925,7780157,"client-head"
21404,21419,1425553528018071,15891823,"client-header"
21404,21419,1425553578174582,19627552,"client-seek"
21404,21419,1425553628097446,7106875,"client-head"
21404,21419,1425553678982446,21372656,"client-header"
21404,21419,1425553728998696,9345156,"client-seek"
21404,21419,1425553786616665,7470469,"client-head"
21404,21419,1425553837135415,16118437,"client-header"
21404,21419,1425553887264269,14315365,"client-seek"
21404,21419,1425553937530571,15220938,"client-head"
21404,21419,1425553987686821,13671719,"client-header"
21404,21419,1425554037945884,17349062,"client-seek"
21404,21419,1425554087834634,6502760,"client-head"
21404,21419,1425554138133175,18166146,"client-header"
21404,21419,1425554188206509,14294479,"client-seek"
21404,21419,1425554238494477,19424844,"client-head"
21404,21419,1425554288968800,17836302,"client-header"
21404,21419,1425554339143800,19987083,"client-seek"
21404,21419,1425554397301508,6873125,"client-head"
21404,21419,1425554447896977,20028750,"client-header"
21404,21419,1425554498159633,14296250,"client-seek"
21404,21419,1425554548220519,5785625,"client-head"
21404,21419,1425554598582863,11730364,"client-header"
21404,21419,1425554649468071,18837135,"client-seek"
21404,21419,1425554721113175,6162344,"client-head"
21404,21419,1425554771597290,17060468,"client-header"
21404,21419,1425554821758800,7612865,"client-seek"
21404,21419,1425554871994894,12572031,"client-head"
21404,21419,1425554922199477,16748906,"client-header"
21404,21419,1425554972598852,14607344,"client-seek"
21404,21419,1425555022766664,13159480,"client-head"
21404,21419,1425555073131039,18049167,"client-header"
21404,21419,1425555123184164,8730105,"client-seek"
21404,21419,1425555173451144,7057395,"client-head"
21404,21419,1425555223641977,16777760,"client-header"
21404,21419,1425555273678331,10253594,"client-seek"
21404,21419,1425555327075883,8415000,"client-head"
21404,21419,1425555377470414,11167657,"client-header"
21404,21419,1425555427826977,18315416,"client-seek"
21404,21419,1425555488258227,5896562,"client-head"
21404,21419,1425555538818175,16264271,"client-header"
21404,21419,1425555589239008,12799792,"client-seek"
21404,21419,1425555639511456,18376302,"client-head"
21404,21419,1425555689558070,6780625,"client-header"
21404,21419,1425555740053800,15300208,"client-seek"
21404,21419,1425555790021300,9188750,"client-head"
21404,21419,1425555840489633,19653385,"client-header"
21404,21419,1425555890738070,14323698,"client-seek"
21404,21419,1425555941537289,20467656,"client-head"
21404,21419,1425555992277550,10989114,"client-header"
21404,21419,1425556042635674,18915209,"client-seek"
21404,21419,1425556092919320,5977136,"client-head"
21404,21419,1425556143584008,18917291,"client-header"
21404,21419,1425556194453070,13334063,"client-seek"
21404,21419,1425556244431351,6692813,"client-head"
21404,21419,1425556294724789,13040000,"client-header"
21404,21419,1425556345278383,18958906,"client-seek"
21404,21419,1425556413312862,6523021,"client-head"
21404,21419,1425556464105258,18801510,"client-header"
21404,21419,1425556514186351,7467605,"client-seek"
21404,21419,1425556564454320,19909844,"client-head"
21404,21419,1425556614568018,8360521,"client-header"
21404,21419,1425556665146455,17821615,"client-seek"
21404,21419,1425556715191039,9300156,"client-head"
21404,21419,1425556765660101,18509688,"client-header"
21404,21419,1425556815732705,6592344,"client-seek"
21404,21419,1425556866226664,19593750,"client-head"
21404,21419,1425556916291195,9624062,"client-header"
21404,21419,1425556966808226,17241823,"client-seek"
21404,21419,1425557016722289,8847187,"client-head"
21404,21419,1425557067004789,17773073,"client-header"
21404,21419,1425557117098539,6857031,"client-seek"
21404,21419,1425557167391976,17174688,"client-head"
21404,21419,1425557217445101,7483542,"client-header"
21404,21419,1425557267712757,16565469,"client-seek"
21404,21419,1425557326558955,5867552,"client-head"
21404,21419,1425557377231455,10856459,"client-header"
21404,21419,1425557427550726,19930469,"client-seek"
21404,21419,1425557481504268,8043750,"client-head"
21404,21419,1425557532205414,16868541,"client-header"
21404,21419,1425557582147913,17115573,"client-seek"
21404,21419,1425557632635726,15921094,"client-head"
21404,21419,1425557682564476,6516510,"client-header"
21404,21419,1425557733157445,16332604,"client-seek"
21404,21419,1425557784624007,8983281,"client-head"
21404,21419,1425557835114945,18675625,"client-header"
21404,21419,1425557885180830,8783490,"client-seek"
21404,21419,1425557935473070,14706979,"client-head"
21404,21419,1425557985858695,16363854,"client-header"
21404,21419,1425558036258955,17018490,"client-seek"
21404,21419,1425558107066038,6647032,"client-head"
21404,21419,1425558157677601,18466719,"client-header"
21404,21419,1425558207858017,8103802,"client-seek"
21404,21419,1425558258224944,18100157,"client-head"
21404,21419,1425558308225413,8634688,"client-header"
21404,21419,1425558358652236,19011875,"client-seek"
21404,21419,1425558408611767,7782709,"client-head"
21404,21419,1425558459064111,18072813,"client-header"
21404,21419,1425558509118694,9917448,"client-seek"
21404,21419,1425558559658017,19280000,"client-head"
21404,21419,1425558609653538,7544636,"client-header"
21404,21419,1425558660135882,18121406,"client-seek"
21404,21419,1425558710144788,7298906,"client-head"
21404,21419,1425558760569632,17846406,"client-header"
21404,21419,1425558810670413,7561719,"client-seek"
21404,21419,1425558860799163,15451719,"client-head"
21404,21419,1425558911286194,10577969,"client-header"
21404,21419,1425558961533538,18187344,"client-seek"
21404,21419,1425559022819007,11443125,"client-head"
21404,21419,1425559073299632,12507968,"client-header"
21404,21419,1425559123577288,15696354,"client-seek"
21404,21419,1425559173491767,7760365,"client-head"
21404,21419,1425559223773538,12182969,"client-header"
21404,21419,1425559274207288,13499375,"client-seek"
21404,21419,1425559324387600,16806563,"client-head"
21404,21419,1425559374984163,11817031,"client-header"
21404,21419,1425559425360204,10997084,"client-seek"
21404,21419,1425559475274944,9106406,"client-head"
21404,21419,1425559525474006,12473438,"client-header"
21404,21419,1425559576003538,15379166,"client-seek"
21404,21419,1425559625957913,7784635,"client-head"
21404,21419,1425559676571350,10384531,"client-header"
21404,21419,1425559726742444,18727500,"client-head"
21404,21419,1425559777249579,12773021,"client-header"
21404,21419,1425559827566194,12872760,"client-head"
21404,21419,1425559877974475,13697604,"client-header"
21404,21419,1425559928113538,5077812,"client-head"
21404,21419,1425559978464944,17892344,"client-header"
21404,21419,1425560028553694,17408594,"client-head"
21404,21419,1425560079096194,14986666,"client-header"
21404,21419,1425560129467600,16305781,"client-head"
21404,21419,1425560179485204,17503750,"client-header"
21404,21419,1425560229534006,8167813,"client-head"
21404,21419,1425560280003485,19662240,"client-header"
21404,21419,1425560330011037,12752761,"client-head"
21404,21419,1425560380425673,14484739,"client-header"
21404,21419,1425560430389006,19389531,"client-head"
21404,21419,1425560481011298,8160208,"client-header"
21404,21419,1425560531252600,19165573,"client-head"
21404,21419,1425560581398642,10915312,"client-header"
21404,21419,1425560631654162,15221042,"client-head"
21404,21419,1425560681893798,13621458,"client-header"
21404,21419,1425560732079735,17315781,"client-head"
21404,21419,1425560782326662,14164844,"client-header"
21404,21419,1425560833238173,19764270,"client-head"
21404,21419,1425560882884423,7611875,"client-header"
21404,21419,1425560933353329,19394583,"client-head"
21404,21419,1425560983401818,12208750,"client-header"
21404,21419,1425561033576975,13371666,"client-head"
21404,21419,1425561083852131,14207031,"client-header"
21404,21419,1425561134097600,18400312,"client-head"
21404,21419,1425561184489943,16648125,"client-header"
