"pid","utid","tid","name"
26040,1,26348,"pool-7-thread-3"
26040,2,26347,"pool-7-thread-2"
26040,4,26346,"pool-7-thread-1"
26040,6,26349,"pool-7-thread-4"
26040,9,26040,"r.android.mmate"
26040,12853,26053,"[NULL]"
26040,12854,26055,"[NULL]"
26040,12855,26057,"[NULL]"
26040,12856,26058,"Jit thread pool"
26040,12857,26060,"HeapTaskDaemon"
26040,12858,26061,"ReferenceQueueD"
26040,12859,26062,"FinalizerDaemon"
26040,12860,26063,"[NULL]"
26040,12861,26068,"binder:26040_1"
26040,12862,26069,"binder:26040_2"
26040,12863,26120,"binder:26040_3"
26040,12864,26180,"Profile Saver"
26040,12865,26182,"DefaultDispatch"
26040,12866,26183,"DefaultDispatch"
26040,12867,26186,"DefaultDispatch"
26040,12868,26192,"DefaultDispatch"
26040,12869,26193,"binder:26040_4"
26040,12870,26194,"pool-4-thread-1"
26040,12871,26215,"RenderThread"
26040,12872,26216,"[NULL]"
26040,12873,26242,"[NULL]"
26040,12874,26243,"[NULL]"
26040,12875,26244,"[NULL]"
26040,12876,26246,"[NULL]"
26040,12877,26252,"[NULL]"
26040,12878,26253,"[NULL]"
26040,12879,26254,"binder:26040_5"
26040,12880,26255,"[NULL]"
26040,12881,26256,"[NULL]"
26040,12882,26257,"[NULL]"
26040,12883,26259,"[NULL]"
26040,12884,26260,"[NULL]"
26040,12885,26261,"pool-11-thread-"
26040,12886,26262,"jupnp-1"
26040,12887,26263,"jupnp-2"
26040,12888,26266,"[NULL]"
26040,12889,26267,"nio-webserver-r"
26040,12890,26271,"MM:QueueTimer"
26040,12891,26272,"binder:26040_4"
26040,12892,26274,"NIO-Worker"
26040,12893,26275,"pool-8-thread-1"
26040,12894,26278,"GrallocUploadTh"
26040,12895,26283,"nio-stream-prod"
26040,12896,26284,"nio-upnp-runner"
26040,12897,26285,"jupnp-3"
26040,12898,26286,"[NULL]"
26040,12899,26287,"jupnp-5"
26040,12900,26288,"jupnp-6"
26040,12901,26289,"jupnp-7"
26040,12902,26291,"jupnp-8"
26040,12903,26292,"jupnp-9"
26040,12904,26293,"jupnp-10"
26040,12905,26294,"jupnp-11"
26040,12906,26295,"jupnp-12"
26040,12907,26296,"jupnp-13"
26040,12908,26297,"jupnp-14"
26040,12909,26298,"jupnp-15"
26040,12910,26299,"jupnp-16"
26040,12911,26300,"[NULL]"
26040,12912,26301,"[NULL]"
26040,12913,26327,"NIO-Worker"
26040,12914,26328,"pool-8-thread-2"
26040,12915,26329,"[NULL]"
26040,12916,26330,"NIO-Worker"
26040,12917,26331,"pool-8-thread-3"
26040,12918,26333,"NIO-Worker"
26040,12919,26335,"pool-8-thread-4"
26040,12920,26336,"NIO-Worker"
26040,12921,26337,"NIO-Worker"
26040,12922,26338,"[NULL]"
26040,12923,26339,"[NULL]"
26040,12924,26340,"NIO-Worker"
26040,12925,26341,"NIO-Worker"
26040,12926,26350,"[NULL]"
26040,12927,26351,"DefaultDispatch"
26040,12928,26352,"DefaultDispatch"
26040,12929,26353,"[NULL]"
26040,12930,26354,"DefaultDispatch"
26040,12931,26355,"[NULL]"
26040,12932,26539,"[NULL]"
26040,14687,26604,"MediaCodec_loop"
26040,14688,26605,"MediaCodec_loop"
26040,14689,26606,"pool-4-thread-1"
26040,14690,26607,"arch_disk_io_0"
26040,14691,26608,"MediaCodec_loop"
26040,14692,26609,"MediaCodec_loop"
26040,14693,26610,"arch_disk_io_1"
26040,14694,26611,"MediaCodec_loop"
26040,14695,26612,"MediaCodec_loop"
26040,14696,26613,"pool-4-thread-1"
26040,14697,26614,"MediaCodec_loop"
26040,14698,26615,"pool-4-thread-1"
26040,14699,26616,"pool-4-thread-1"
26040,14700,26618,"MediaCodec_loop"
26040,14701,26619,"MediaCodec_loop"
26040,14702,26620,"MediaCodec_loop"
26040,14703,26621,"pool-4-thread-1"
26040,14704,26622,"binder:26040_6"
26040,14705,26624,"binder:26040_7"
