"name","state","n","total_ms","max_ms"
"NIO-Worker","S",1274,70495.350812,432.314687
"NIO-Worker","Running",1924,747.907796,6.458646
"NIO-Worker","R",1539,50.810157,0.634531
"NIO-Worker","R+",350,27.523595,1.037969
"NIO-Worker","D",1,0.013125,0.013125
"nio-stream-prod","S",282,8376.129953,116.666927
"nio-stream-prod","Running",687,833.650581,22.868020
"nio-stream-prod","R",575,32.213111,5.019375
"nio-stream-prod","R+",105,10.199423,1.172500
"nio-stream-prod","D",1,0.464375,0.464375
"nio-webserver-r","S",841,9030.473482,49.830782
"nio-webserver-r","Running",1186,215.420952,0.851459
"nio-webserver-r","R",989,51.022075,0.687761
"nio-webserver-r","R+",177,15.362809,1.933282
