"name","n","min_value","max_value"
"Heap size (KB)",3432,16493.000000,77714.000000
"JNI Global Refs",5,464.000000,487.000000
"JNI Weak Global Refs",6,112.000000,144.000000
"Majflt-GC",25,0.000000,0.000000
"Minflt-GC",25,7638.000000,10843.000000
"compose:lazy:prefetch:available_time_nanos",45,-889769.000000,6455163.000000
"compose:lazy:prefetch:execute:item",4,-1.000000,502.000000
"compose:lazy:schedule_prefetch:index",1,502.000000,502.000000
"firstVisibleItem:index",4,495.000000,1760.000000
"freed_bytes",5,35700736.000000,59125824.000000
"freed_large_object_bytes",5,3080192.000000,50380800.000000
"freed_normal_object_bytes",5,1765376.000000,33517696.000000
"lastVisibleItem:index",4,500.000000,1767.000000
"mem.locked",98,0.000000,0.000000
"mem.rss",98,303513600.000000,351387648.000000
"mem.rss.anon",98,98832384.000000,148099072.000000
"mem.rss.file",98,170950656.000000,171868160.000000
"mem.rss.shmem",98,31944704.000000,32841728.000000
"mem.rss.watermark",98,402526208.000000,402526208.000000
"mem.swap",98,18567168.000000,18698240.000000
"mem.virt",98,20004147200.000000,20144537600.000000
"oom_score_adj",98,0.000000,0.000000
