run,kind,n,median_ms,p95_ms,p99_ms,max_ms
pilot-0-trace,head,128,8.816693,18.80229995,21.19852861,21.289375
pilot-0-trace,header,128,13.1151825,19.80438795,21.544391360000002,22.123437
pilot-0-trace,seek,96,11.7072915,18.9494015,20.315760399999995,21.327708
compare-0-control,head,128,8.337813,19.4058045,20.683225370000002,21.529428
compare-0-control,header,128,17.572656000000002,19.0968777,20.294794070000005,21.295885
compare-0-control,seek,96,17.735650999999997,18.85716125,20.592088699999998,20.764375
compare-1-trace,head,128,10.58,19.5393698,19.85787661,20.434375
compare-1-trace,header,128,13.841718499999999,19.433273500000002,19.9288867,21.344114
compare-1-trace,seek,96,14.403801999999999,19.321914,19.8922786,19.946459
compare-2-trace,head,128,8.973073,20.15186215,20.96710763,21.978906
compare-2-trace,header,128,15.331328,19.2838982,19.60070804,19.850364
compare-2-trace,seek,96,13.3619535,19.5812495,20.247994549999994,22.380052
compare-3-control,head,128,8.3534115,18.9717963,19.26627613,19.380938
compare-3-control,header,128,17.523827500000003,19.197801650000002,19.77884019,20.563646
compare-3-control,seek,96,17.696275999999997,18.89418,19.399392799999998,19.846041
confirm-0-trace,head,128,10.582604,19.7201277,20.11194076,20.394323
confirm-0-trace,header,128,12.784427,18.99313595,19.56980967,20.617968
confirm-0-trace,seek,96,13.870703,18.871875,19.1652339,19.318125
confirm-1-control,head,128,8.295286,20.423213349999994,21.952495130000003,22.425729
confirm-1-control,header,128,16.7911975,20.8828593,22.65831484,24.205989
confirm-1-control,seek,96,16.506197999999998,21.020077999999998,22.26668175,22.802344
offcpu,head,128,9.178125,19.6917889,20.97190947,21.773438
offcpu,header,128,18.2988285,19.8388462,20.780898620000002,21.532344
offcpu,seek,96,18.1622655,19.50113275,20.070073299999997,20.456406
oncpu,head,128,8.347942499999998,18.88980175,19.47889975,20.442031
oncpu,header,128,17.740989499999998,19.026877550000002,21.0636148,21.373646
oncpu,seek,96,17.8449475,19.03988325,19.21336955,19.226927
