run,apk_variant,condition,phase,kind,n,median_ms,p95_ms,p99_ms,max_ms
initial-0-before,before,idle,0,head,64,8.4546095,19.888132849999998,20.342948279999998,20.574375
initial-0-before,before,idle,0,header,64,17.703438,19.54772915,20.249129859999996,21.112657
initial-0-before,before,idle,0,seek,48,17.627526,19.5837706,20.15522189,20.398594
initial-0-before,before,before,1,head,64,5.3583855,14.896707799999998,16.435908929999993,18.196563
initial-0-before,before,before,1,header,64,5.1476565,15.34353915,17.226233299999997,17.997032
initial-0-before,before,before,1,seek,48,5.1922915,5.98902135,6.23878526,6.30625
initial-0-before,before,indexed,2,head,64,8.3904165,19.147726799999997,19.348285949999998,19.415781
initial-0-before,before,indexed,2,header,64,17.721406,19.32394795,21.3370625,21.411875
initial-0-before,before,indexed,2,seek,48,17.491771,19.22743265,19.72839885,19.746562
initial-0-before,before,indexed,3,head,64,8.489037,19.08816395,19.956020459999998,20.388489
initial-0-before,before,indexed,3,header,64,17.993828,19.1900701,19.25312454,19.269531
initial-0-before,before,indexed,3,seek,48,18.04414,19.82734375,20.17302665,20.285312
initial-0-before,before,before,4,head,64,5.0590625,7.799562749999998,15.401818999999998,16.294844
initial-0-before,before,before,4,header,64,4.921666500000001,14.41980939999999,16.619385489999996,17.982187
initial-0-before,before,before,4,seek,48,4.888593999999999,5.9578776499999995,7.1736784400000015,8.071354
initial-0-before,before,idle,5,head,64,8.1907555,19.22264835,19.653072059999996,20.097813
initial-0-before,before,idle,5,header,64,17.834635,18.6679434,19.95819269,20.374583
initial-0-before,before,idle,5,seek,48,17.674323,19.4399608,20.0997156,20.15401
initial-1-after,after,idle,0,head,64,6.00375,12.1525076,12.66317769,12.720468
initial-1-after,after,idle,0,header,64,10.29513,11.5695078,12.1604152,12.336979
initial-1-after,after,idle,0,seek,48,10.583151,12.686565,13.70649593,14.152188
initial-1-after,after,indexed,1,head,64,8.2967185,11.648062849999999,12.136269659999998,12.477552
initial-1-after,after,indexed,1,header,64,10.1871095,12.2234062,13.271455060000001,13.276771
initial-1-after,after,indexed,1,seek,48,10.178984499999999,11.6260471,12.94131243,13.127917
initial-1-after,after,before,2,head,64,3.7729165,10.45103415,10.79160674,10.886927
initial-1-after,after,before,2,header,64,3.6411974999999996,10.558052949999997,11.397426849999997,12.240937
initial-1-after,after,before,2,seek,48,3.58211,4.38873985,6.1419451700000005,6.479635
initial-1-after,after,before,3,head,64,4.7070315,5.5231566,6.393404199999997,7.105468
initial-1-after,after,before,3,header,64,4.6412505,5.1201954999999995,6.073871169999999,6.219427
initial-1-after,after,before,3,seek,48,3.813828,5.0644329,7.550553950000001,7.880313
initial-1-after,after,indexed,4,head,64,7.037812499999999,11.144596850000001,12.155414219999999,12.465
initial-1-after,after,indexed,4,header,64,10.005676999999999,12.029898049999998,12.469592449999997,13.041875
initial-1-after,after,indexed,4,seek,48,9.898776,11.4317163,11.992725000000002,12.378125
initial-1-after,after,idle,5,head,64,7.887187,11.0843434,12.133882759999997,12.9875
initial-1-after,after,idle,5,header,64,10.024687,12.518421499999995,14.028732519999995,15.272917
initial-1-after,after,idle,5,seek,48,10.077577999999999,11.80775015,11.99208843,12.023593
initial-2-after,after,idle,0,head,64,6.4164585,11.71692995,13.012779779999994,14.761719
initial-2-after,after,idle,0,header,64,10.301483999999999,12.36724975,13.50895428,13.515156
initial-2-after,after,idle,0,seek,48,10.969635,14.609206,16.333266000000002,16.701041
initial-2-after,after,before,1,head,64,3.970078,10.64120885,10.98998775,11.060469
initial-2-after,after,before,1,header,64,3.82414,10.763578449999997,11.293008009999998,11.912344
initial-2-after,after,before,1,seek,48,3.9401565,5.20334085,6.354697760000002,7.298125
initial-2-after,after,indexed,2,head,64,8.086458499999999,11.1432237,11.87270797,11.903125
initial-2-after,after,indexed,2,header,64,10.0385945,11.4031174,12.6405884,12.696041
initial-2-after,after,indexed,2,seek,48,10.0223955,11.07062455,11.871478940000001,12.494792
initial-2-after,after,indexed,3,head,64,6.8744795,11.09698225,12.037787329999999,12.319844
initial-2-after,after,indexed,3,header,64,10.180337999999999,11.07021675,11.990031329999997,12.639063
initial-2-after,after,indexed,3,seek,48,10.132344,11.11895835,12.223065640000002,13.005469
initial-2-after,after,before,4,head,64,3.9553905,10.54800845,11.34442838,11.456615
initial-2-after,after,before,4,header,64,3.807318,9.73034865,10.40375134,10.637344
initial-2-after,after,before,4,seek,48,3.761953,4.4620232,5.759836040000003,6.855156
initial-2-after,after,idle,5,head,64,7.9085155,11.565898499999998,11.84634045,11.916198
initial-2-after,after,idle,5,header,64,9.847552,11.244987199999999,11.93338586,11.965313
initial-2-after,after,idle,5,seek,48,10.097995000000001,10.996187599999999,11.38509543,11.666875
initial-3-before,before,idle,0,head,64,8.111771000000001,19.8005598,20.546554699999998,21.314531
initial-3-before,before,idle,0,header,64,18.0557035,19.19904455,20.178858469999994,21.265313
initial-3-before,before,idle,0,seek,48,17.871667000000002,19.59253125,20.131125570000002,20.203021
initial-3-before,before,indexed,1,head,64,8.3667185,18.8968906,19.825409559999997,20.428438
initial-3-before,before,indexed,1,header,64,17.813463499999997,19.2721478,19.60840787,19.697396
initial-3-before,before,indexed,1,seek,48,18.025261,19.4391403,20.10756795,20.169427
initial-3-before,before,before,2,head,64,5.1684375,17.76460735,18.28383371,18.450521
initial-3-before,before,before,2,header,64,5.070624499999999,17.7883279,18.27136891,18.41302
initial-3-before,before,before,2,seek,48,5.004167000000001,5.7420316499999995,6.794132450000002,7.476979
initial-3-before,before,before,3,head,64,6.005052,7.7635756,9.60542847,10.008333
initial-3-before,before,before,3,header,64,6.013516,7.696854449999999,11.877837989999984,16.139427
initial-3-before,before,before,3,seek,48,5.185859,7.4246796,7.66157128,7.764114
initial-3-before,before,indexed,4,head,64,8.175573,18.9845285,19.682885779999996,20.29625
initial-3-before,before,indexed,4,header,64,17.9630205,18.77041695,19.18618893,19.430937
initial-3-before,before,indexed,4,seek,48,17.633203,18.777429849999997,19.03047021,19.149219
initial-3-before,before,idle,5,head,64,8.169505000000001,18.9276695,19.891034679999997,20.486614
initial-3-before,before,idle,5,header,64,18.043723999999997,19.517179199999998,20.07332034,20.223438
initial-3-before,before,idle,5,seek,48,17.992396,19.5858696,20.27100771,20.290469
confirmation-0-after,after,idle,0,head,64,4.8500005,10.840797099999998,11.654522109999998,11.942812
confirmation-0-after,after,idle,0,header,64,5.652734499999999,11.0702576,11.733224869999999,12.055313
confirmation-0-after,after,idle,0,seek,48,8.287292,11.606877749999999,12.81702869,13.314323
confirmation-0-after,after,idle,1,head,64,6.689349,11.966588899999998,14.446455749999995,15.887187
confirmation-0-after,after,idle,1,header,64,9.9424475,11.436125249999998,11.792368789999998,12.209219
confirmation-0-after,after,idle,1,seek,48,9.740573000000001,11.114500000000001,11.90727727,11.998438
confirmation-1-before,before,idle,0,head,64,8.315650999999999,19.53561255,21.07874023,21.278437
confirmation-1-before,before,idle,0,header,64,16.5789325,19.07862245,19.96446429,20.320677
confirmation-1-before,before,idle,0,seek,48,15.759479500000001,19.25510905,19.85621872,20.286562
confirmation-1-before,before,idle,1,head,64,7.995286,14.626479049999999,18.59795428,18.612031
confirmation-1-before,before,idle,1,header,64,10.2030725,19.32405445,19.577241819999998,19.61875
confirmation-1-before,before,idle,1,seek,48,17.4009375,18.993406999999998,19.45606617,19.820781
confirmation-2-before,before,idle,0,head,64,6.833828499999999,18.66764255,19.469971559999998,20.128125
confirmation-2-before,before,idle,0,header,64,10.698463499999999,19.7413672,21.883625979999994,23.695729
confirmation-2-before,before,idle,0,seek,48,7.568515,17.95369275,20.182381800000005,21.894479
confirmation-2-before,before,idle,1,head,64,10.28612,18.521585649999995,20.591403439999997,21.02
confirmation-2-before,before,idle,1,header,64,17.509948,21.525484549999994,21.919930830000002,22.089375
confirmation-2-before,before,idle,1,seek,48,16.3680465,20.0711098,21.805404280000005,23.012447
confirmation-3-after,after,idle,0,head,64,6.7838805,11.71921905,12.607936519999999,12.705521
confirmation-3-after,after,idle,0,header,64,10.483151,11.72226585,12.307354279999998,12.515156
confirmation-3-after,after,idle,0,seek,48,10.6276565,11.7821561,12.4711437,12.826459
confirmation-3-after,after,idle,1,head,64,8.0482035,11.3578288,11.941824999999998,12.22375
confirmation-3-after,after,idle,1,header,64,10.2060155,11.88957745,12.14702794,12.162187
confirmation-3-after,after,idle,1,seek,48,10.4935935,11.45801315,12.281712200000001,12.849115
