"ts","dur","name"
1419352068346843,37997031,"Background young concurrent mark compact GC"
1419352078057781,713698,"Mutator threads suspended for ScopedPause"
1419353829867155,64687188,"Background concurrent mark compact GC"
1419353863982311,754844,"Mutator threads suspended for ScopedPause"
1419355481344186,41107343,"Background young concurrent mark compact GC"
1419355493287779,915782,"Mutator threads suspended for ScopedPause"
1419357204278664,71805313,"Background concurrent mark compact GC"
1419357239718560,609219,"Mutator threads suspended for ScopedPause"
1419358174618403,40793386,"Background young concurrent mark compact GC"
1419358185308508,1119427,"Mutator threads suspended for ScopedPause"
1419358736442570,62503333,"Background concurrent mark compact GC"
1419358771232101,1002083,"Mutator threads suspended for ScopedPause"
1419359428592465,35164688,"Background young concurrent mark compact GC"
1419359435704497,546041,"Mutator threads suspended for ScopedPause"
1419360117535694,52892813,"Background concurrent mark compact GC"
1419360145432934,438437,"Mutator threads suspended for ScopedPause"
