"name","n","cpu_ms","max_slice_ms"
"pool-7-thread-4",74276,7101.462908,7.555469
"pool-7-thread-3",74229,7041.234594,6.290313
"pool-7-thread-2",74761,7023.962507,9.582500
"pool-7-thread-1",74432,7011.763450,5.021250
"r.android.mmate",3276,3145.954963,11.985105
"RenderThread",2579,1755.323548,3.695729
"nio-stream-prod",737,859.129890,24.684375
"NIO-Worker",2090,791.188793,3.307136
"HeapTaskDaemon",141,398.734941,59.094531
"nio-webserver-r",1226,245.608800,1.645157
"Jit thread pool",561,196.845842,3.353750
"binder:30065_4",1215,124.979417,0.707917
"DefaultDispatch",303,116.465303,3.089532
"jupnp-7",98,111.299064,17.488021
"jupnp-14",89,79.412451,6.019896
"jupnp-4",169,77.130680,2.669115
"jupnp-13",76,74.237820,6.557032
"jupnp-8",54,60.195830,6.313959
"jupnp-16",39,39.621200,6.601667
"jupnp-10",54,38.658806,9.186407
"jupnp-5",54,35.426244,7.025312
"ReferenceQueueD",35,35.160003,4.746198
"jupnp-3",32,33.180939,6.437031
"jupnp-12",55,32.548019,8.025000
"jupnp-2",80,31.624681,1.694844
"jupnp-15",43,28.379897,4.178646
"FinalizerDaemon",73,24.525726,3.755052
"jupnp-9",22,22.189844,4.901719
"jupnp-6",35,21.341148,5.380938
"jupnp-11",30,20.912131,2.959531
"binder:30065_1",1206,20.202446,0.095417
"pool-8-thread-1",63,16.594637,1.015469
"pool-8-thread-4",51,15.804844,1.082343
"pool-8-thread-3",54,14.886249,0.547448
"pool-8-thread-2",50,14.539009,0.654531
"OkHttp Connecti",120,14.389124,1.002188
"pool-4-thread-1",88,13.609105,0.301146
"MM:QueueTimer",43,3.387603,0.143802
"Okio Watchdog",70,2.485467,0.124896
"pool-11-thread-",35,2.431353,0.235000
"nio-upnp-runner",11,1.126927,0.163281
"jupnp-1",4,0.660782,0.251459
"SharedPreferenc",4,0.415468,0.157812
"Profile Saver",11,0.241511,0.030781
"MM:SmartQueue",1,0.135625,0.135625
"FinalizerWatchd",1,0.089062,0.089062
